Location ID,Location,Date,Value,Rank,Anomaly (1901-2000 base period),1901-2000 Mean
37001,Alamance County,2021-01-31,4.15,91,0.5,3.65
37001,Alamance County,2021-02-28,6.27,122,2.79,3.48
37001,Alamance County,2021-03-31,3.7,62,-0.34,4.04
37001,Alamance County,2021-04-30,2.14,24,-1.29,3.43
37001,Alamance County,2021-05-31,2.11,21,-1.69,3.8
37001,Alamance County,2021-06-30,4.21,75,0.17,4.04
37001,Alamance County,2021-07-31,5.33,86,0.47,4.86
37001,Alamance County,2021-08-31,5.03,83,0.3,4.73
37001,Alamance County,2021-09-30,3.83,72,0.03,3.8
37001,Alamance County,2021-10-31,2.39,58,-0.69,3.08
37001,Alamance County,2021-11-30,0.48,8,-2.33,2.81
37001,Alamance County,2021-12-31,1.41,9,-1.96,3.37
37003,Alexander County,2021-01-31,3.17,60,-0.65,3.82
37003,Alexander County,2021-02-28,5.27,106,1.53,3.74
37003,Alexander County,2021-03-31,5.1,92,0.68,4.42
37003,Alexander County,2021-04-30,1.78,17,-1.85,3.63
37003,Alexander County,2021-05-31,3.01,43,-0.85,3.86
37003,Alexander County,2021-06-30,3.11,35,-1.25,4.36
37003,Alexander County,2021-07-31,4.73,76,-0.06,4.79
37003,Alexander County,2021-08-31,5.02,80,0.24,4.78
37003,Alexander County,2021-09-30,1.76,26,-1.91,3.67
37003,Alexander County,2021-10-31,3.33,72,-0.1,3.43
37003,Alexander County,2021-11-30,0.38,2,-2.56,2.94
37003,Alexander County,2021-12-31,0.9,4,-2.86,3.76
37005,Alleghany County,2021-01-31,2.91,49,-0.84,3.75
37005,Alleghany County,2021-02-28,4.29,89,0.61,3.68
37005,Alleghany County,2021-03-31,4.82,78,0.15,4.67
37005,Alleghany County,2021-04-30,3.55,46,-0.63,4.18
37005,Alleghany County,2021-05-31,3.01,30,-1.45,4.46
37005,Alleghany County,2021-06-30,3.62,45,-0.86,4.48
37005,Alleghany County,2021-07-31,5.02,69,-0.12,5.14
37005,Alleghany County,2021-08-31,7.16,105,2.01,5.15
37005,Alleghany County,2021-09-30,3.93,69,-0.17,4.1
37005,Alleghany County,2021-10-31,7.36,111,3.45,3.91
37005,Alleghany County,2021-11-30,1.09,11,-2.51,3.6
37005,Alleghany County,2021-12-31,0.88,3,-2.86,3.74
37007,Anson County,2021-01-31,5.14,105,1.44,3.7
37007,Anson County,2021-02-28,6.35,117,2.58,3.77
37007,Anson County,2021-03-31,2.72,31,-1.3,4.02
37007,Anson County,2021-04-30,1.16,10,-2.14,3.3
37007,Anson County,2021-05-31,1.69,12,-1.98,3.67
37007,Anson County,2021-06-30,4.91,82,0.62,4.29
37007,Anson County,2021-07-31,4.6,60,-0.56,5.16
37007,Anson County,2021-08-31,3.95,53,-0.97,4.92
37007,Anson County,2021-09-30,4.06,80,0.28,3.78
37007,Anson County,2021-10-31,2.49,65,-0.54,3.03
37007,Anson County,2021-11-30,0.86,17,-1.84,2.7
37007,Anson County,2021-12-31,3.01,61,-0.35,3.36
37009,Ashe County,2021-01-31,2.89,42,-0.94,3.83
37009,Ashe County,2021-02-28,4.17,84,0.45,3.72
37009,Ashe County,2021-03-31,5.26,92,0.63,4.63
37009,Ashe County,2021-04-30,3.8,51,-0.31,4.11
37009,Ashe County,2021-05-31,2.57,17,-2.07,4.64
37009,Ashe County,2021-06-30,3.81,43,-0.96,4.77
37009,Ashe County,2021-07-31,6.05,92,0.76,5.29
37009,Ashe County,2021-08-31,6.86,106,1.8,5.06
37009,Ashe County,2021-09-30,3.38,53,-0.64,4.02
37009,Ashe County,2021-10-31,6.81,112,3.17,3.64
37009,Ashe County,2021-11-30,1.37,15,-2.06,3.43
37009,Ashe County,2021-12-31,0.74,2,-2.9,3.64
37011,Avery County,2021-01-31,3.74,59,-0.5,4.24
37011,Avery County,2021-02-28,4.36,83,0.24,4.12
37011,Avery County,2021-03-31,5.96,94,0.81,5.15
37011,Avery County,2021-04-30,3.53,45,-0.78,4.31
37011,Avery County,2021-05-31,2.94,20,-1.78,4.72
37011,Avery County,2021-06-30,4.68,60,-0.25,4.93
37011,Avery County,2021-07-31,5.54,72,0,5.54
37011,Avery County,2021-08-31,8.22,116,2.82,5.4
37011,Avery County,2021-09-30,3.82,59,-0.6,4.42
37011,Avery County,2021-10-31,7.59,112,3.54,4.05
37011,Avery County,2021-11-30,1.66,16,-2.18,3.84
37011,Avery County,2021-12-31,1.19,3,-2.84,4.03
37013,Beaufort County,2021-01-31,5.27,104,1.38,3.89
37013,Beaufort County,2021-02-28,8.01,127,4.29,3.72
37013,Beaufort County,2021-03-31,2.93,33,-0.96,3.89
37013,Beaufort County,2021-04-30,1.69,14,-1.65,3.34
37013,Beaufort County,2021-05-31,3.06,44,-0.93,3.99
37013,Beaufort County,2021-06-30,12.16,126,7.13,5.03
37013,Beaufort County,2021-07-31,5.95,61,-0.76,6.71
37013,Beaufort County,2021-08-31,6.56,80,0.38,6.18
37013,Beaufort County,2021-09-30,1.95,16,-3.22,5.17
37013,Beaufort County,2021-10-31,1.73,31,-1.49,3.22
37013,Beaufort County,2021-11-30,0.86,11,-2.12,2.98
37013,Beaufort County,2021-12-31,2.94,45,-0.61,3.55
37015,Bertie County,2021-01-31,5.51,113,1.75,3.76
37015,Bertie County,2021-02-28,8.01,126,4.3,3.71
37015,Bertie County,2021-03-31,2.86,32,-1.06,3.92
37015,Bertie County,2021-04-30,2.96,47,-0.47,3.43
37015,Bertie County,2021-05-31,2.83,37,-1.14,3.97
37015,Bertie County,2021-06-30,10.52,127,5.81,4.71
37015,Bertie County,2021-07-31,4.95,43,-1.19,6.14
37015,Bertie County,2021-08-31,6.63,97,1.25,5.38
37015,Bertie County,2021-09-30,1.86,21,-2.58,4.44
37015,Bertie County,2021-10-31,1.63,31,-1.43,3.06
37015,Bertie County,2021-11-30,1.24,21,-1.64,2.88
37015,Bertie County,2021-12-31,2.06,21,-1.34,3.4
37017,Bladen County,2021-01-31,5.92,120,2.45,3.47
37017,Bladen County,2021-02-28,7.61,125,4.07,3.54
37017,Bladen County,2021-03-31,1.85,15,-2.02,3.87
37017,Bladen County,2021-04-30,1.56,20,-1.47,3.03
37017,Bladen County,2021-05-31,1.63,11,-2.17,3.8
37017,Bladen County,2021-06-30,6.62,104,1.61,5.01
37017,Bladen County,2021-07-31,7.09,92,0.73,6.36
37017,Bladen County,2021-08-31,4.46,40,-1.08,5.54
37017,Bladen County,2021-09-30,2.81,32,-1.95,4.76
37017,Bladen County,2021-10-31,1.47,37,-1.39,2.86
37017,Bladen County,2021-11-30,0.77,10,-1.87,2.64
37017,Bladen County,2021-12-31,2.56,50,-0.63,3.19
37019,Brunswick County,2021-01-31,4.85,95,1.08,3.77
37019,Brunswick County,2021-02-28,6.58,118,2.77,3.81
37019,Brunswick County,2021-03-31,1.97,18,-1.97,3.94
37019,Brunswick County,2021-04-30,1.21,15,-1.72,2.93
37019,Brunswick County,2021-05-31,1.15,10,-2.65,3.8
37019,Brunswick County,2021-06-30,8.97,122,3.97,5
37019,Brunswick County,2021-07-31,8.6,98,1.58,7.02
37019,Brunswick County,2021-08-31,7.83,98,1.55,6.28
37019,Brunswick County,2021-09-30,4.1,50,-1.73,5.83
37019,Brunswick County,2021-10-31,1.71,36,-1.53,3.24
37019,Brunswick County,2021-11-30,0.96,13,-1.82,2.78
37019,Brunswick County,2021-12-31,2.41,35,-1.14,3.55
37021,Buncombe County,2021-01-31,3.46,64,-0.29,3.75
37021,Buncombe County,2021-02-28,4.2,82,0.51,3.69
37021,Buncombe County,2021-03-31,6.98,113,2.29,4.69
37021,Buncombe County,2021-04-30,2.4,24,-1.36,3.76
37021,Buncombe County,2021-05-31,3.46,55,-0.57,4.03
37021,Buncombe County,2021-06-30,3.66,40,-0.71,4.37
37021,Buncombe County,2021-07-31,4.51,55,-0.37,4.88
37021,Buncombe County,2021-08-31,8.82,122,3.93,4.89
37021,Buncombe County,2021-09-30,2.79,46,-0.84,3.63
37021,Buncombe County,2021-10-31,6.72,111,3.19,3.53
37021,Buncombe County,2021-11-30,0.91,8,-2.2,3.11
37021,Buncombe County,2021-12-31,1.28,8,-2.41,3.69
37023,Burke County,2021-01-31,3.35,60,-0.67,4.02
37023,Burke County,2021-02-28,4.42,84,0.55,3.87
37023,Burke County,2021-03-31,6.36,104,1.6,4.76
37023,Burke County,2021-04-30,2.29,25,-1.59,3.88
37023,Burke County,2021-05-31,2.88,34,-1.29,4.17
37023,Burke County,2021-06-30,2.1,15,-2.31,4.41
37023,Burke County,2021-07-31,4.5,63,-0.6,5.1
37023,Burke County,2021-08-31,6.78,99,1.59,5.19
37023,Burke County,2021-09-30,2.07,26,-2.01,4.08
37023,Burke County,2021-10-31,6,105,2.2,3.8
37023,Burke County,2021-11-30,0.72,7,-2.52,3.24
37023,Burke County,2021-12-31,0.97,3,-2.99,3.96
37025,Cabarrus County,2021-01-31,3.72,70,-0.17,3.89
37025,Cabarrus County,2021-02-28,6.15,117,2.36,3.79
37025,Cabarrus County,2021-03-31,3.99,65,-0.29,4.28
37025,Cabarrus County,2021-04-30,1.53,15,-1.94,3.47
37025,Cabarrus County,2021-05-31,2.71,43,-1,3.71
37025,Cabarrus County,2021-06-30,3.46,51,-0.64,4.1
37025,Cabarrus County,2021-07-31,4.43,66,-0.19,4.62
37025,Cabarrus County,2021-08-31,4.94,83,0.31,4.63
37025,Cabarrus County,2021-09-30,2.64,46,-1.13,3.77
37025,Cabarrus County,2021-10-31,2.2,49,-1.08,3.28
37025,Cabarrus County,2021-11-30,1.16,23,-1.74,2.9
37025,Cabarrus County,2021-12-31,1.91,18,-1.76,3.67
37027,Caldwell County,2021-01-31,3.5,61,-0.5,4
37027,Caldwell County,2021-02-28,4.77,96,0.89,3.88
37027,Caldwell County,2021-03-31,5.81,93,1.03,4.78
37027,Caldwell County,2021-04-30,2.3,21,-1.73,4.03
37027,Caldwell County,2021-05-31,2.92,35,-1.31,4.23
37027,Caldwell County,2021-06-30,2.93,25,-1.64,4.57
37027,Caldwell County,2021-07-31,5.14,69,-0.16,5.3
37027,Caldwell County,2021-08-31,7,103,1.55,5.45
37027,Caldwell County,2021-09-30,2.66,40,-1.51,4.17
37027,Caldwell County,2021-10-31,5.51,99,1.73,3.78
37027,Caldwell County,2021-11-30,0.77,6,-2.54,3.31
37027,Caldwell County,2021-12-31,1.05,4,-2.91,3.96
37029,Camden County,2021-01-31,4.66,102,0.88,3.78
37029,Camden County,2021-02-28,7.19,124,3.58,3.61
37029,Camden County,2021-03-31,2.18,15,-1.67,3.85
37029,Camden County,2021-04-30,3.15,62,-0.09,3.24
37029,Camden County,2021-05-31,2.4,27,-1.27,3.67
37029,Camden County,2021-06-30,8.34,125,3.97,4.37
37029,Camden County,2021-07-31,4.94,46,-1.12,6.06
37029,Camden County,2021-08-31,9.73,117,4.11,5.62
37029,Camden County,2021-09-30,2.49,36,-1.8,4.29
37029,Camden County,2021-10-31,2.6,57,-0.59,3.19
37029,Camden County,2021-11-30,1.26,16,-1.67,2.93
37029,Camden County,2021-12-31,1.75,17,-1.65,3.4
37031,Carteret County,2021-01-31,4.97,93,0.84,4.13
37031,Carteret County,2021-02-28,8.52,125,4.52,4
37031,Carteret County,2021-03-31,2.16,13,-1.82,3.98
37031,Carteret County,2021-04-30,1.28,14,-1.91,3.19
37031,Carteret County,2021-05-31,2.26,20,-1.83,4.09
37031,Carteret County,2021-06-30,9.14,123,4.23,4.91
37031,Carteret County,2021-07-31,4.52,29,-2.57,7.09
37031,Carteret County,2021-08-31,11.4,119,4.53,6.87
37031,Carteret County,2021-09-30,2.33,15,-3.55,5.88
37031,Carteret County,2021-10-31,3.71,72,-0.02,3.73
37031,Carteret County,2021-11-30,1.35,20,-2.05,3.4
37031,Carteret County,2021-12-31,3.3,47,-0.74,4.04
37033,Caswell County,2021-01-31,4.05,87,0.52,3.53
37033,Caswell County,2021-02-28,6.09,123,2.84,3.25
37033,Caswell County,2021-03-31,4.45,84,0.52,3.93
37033,Caswell County,2021-04-30,1.7,13,-1.77,3.47
37033,Caswell County,2021-05-31,1.54,7,-2.18,3.72
37033,Caswell County,2021-06-30,2.6,38,-1.32,3.92
37033,Caswell County,2021-07-31,5.06,92,0.6,4.46
37033,Caswell County,2021-08-31,4.27,72,-0.08,4.35
37033,Caswell County,2021-09-30,2.86,53,-0.88,3.74
37033,Caswell County,2021-10-31,1.68,36,-1.31,2.99
37033,Caswell County,2021-11-30,0.22,1,-2.57,2.79
37033,Caswell County,2021-12-31,1.15,9,-2.19,3.34
37035,Catawba County,2021-01-31,3.64,65,-0.33,3.97
37035,Catawba County,2021-02-28,5.07,101,1.17,3.9
37035,Catawba County,2021-03-31,5.73,97,1.19,4.54
37035,Catawba County,2021-04-30,1.6,12,-1.98,3.58
37035,Catawba County,2021-05-31,2.6,33,-1.24,3.84
37035,Catawba County,2021-06-30,2.46,22,-1.83,4.29
37035,Catawba County,2021-07-31,4.57,75,-0.1,4.67
37035,Catawba County,2021-08-31,4.91,79,0.15,4.76
37035,Catawba County,2021-09-30,1.72,22,-2.07,3.79
37035,Catawba County,2021-10-31,2.81,61,-0.66,3.47
37035,Catawba County,2021-11-30,0.48,4,-2.51,2.99
37035,Catawba County,2021-12-31,1.04,4,-2.85,3.89
37037,Chatham County,2021-01-31,4.1,86,0.41,3.69
37037,Chatham County,2021-02-28,6.16,120,2.53,3.63
37037,Chatham County,2021-03-31,2.58,29,-1.42,4
37037,Chatham County,2021-04-30,1.21,8,-2.19,3.4
37037,Chatham County,2021-05-31,2.33,27,-1.55,3.88
37037,Chatham County,2021-06-30,6.1,106,1.91,4.19
37037,Chatham County,2021-07-31,5.88,86,0.61,5.27
37037,Chatham County,2021-08-31,3.8,52,-1.07,4.87
37037,Chatham County,2021-09-30,3.91,73,0.01,3.9
37037,Chatham County,2021-10-31,3,73,-0.04,3.04
37037,Chatham County,2021-11-30,0.73,12,-2.13,2.86
37037,Chatham County,2021-12-31,1.74,17,-1.68,3.42
37039,Cherokee County,2021-01-31,4,36,-1.94,5.94
37039,Cherokee County,2021-02-28,6.88,93,1.26,5.62
37039,Cherokee County,2021-03-31,10.33,118,3.96,6.37
37039,Cherokee County,2021-04-30,2.45,12,-2.49,4.94
37039,Cherokee County,2021-05-31,5.72,103,1.41,4.31
37039,Cherokee County,2021-06-30,5.73,84,0.69,5.04
37039,Cherokee County,2021-07-31,5.46,71,0.14,5.32
37039,Cherokee County,2021-08-31,13.01,126,8.03,4.98
37039,Cherokee County,2021-09-30,5.24,105,1.74,3.5
37039,Cherokee County,2021-10-31,5.19,99,1.66,3.53
37039,Cherokee County,2021-11-30,1.59,12,-2.71,4.3
37039,Cherokee County,2021-12-31,5.05,60,-0.63,5.68
37041,Chowan County,2021-01-31,5.48,112,1.64,3.84
37041,Chowan County,2021-02-28,7.76,126,4.04,3.72
37041,Chowan County,2021-03-31,2.34,17,-1.62,3.96
37041,Chowan County,2021-04-30,3.24,64,-0.22,3.46
37041,Chowan County,2021-05-31,3.84,65,-0.09,3.93
37041,Chowan County,2021-06-30,9.15,122,4.45,4.7
37041,Chowan County,2021-07-31,4.99,44,-1.28,6.27
37041,Chowan County,2021-08-31,8.03,104,2.47,5.56
37041,Chowan County,2021-09-30,2.04,24,-2.52,4.56
37041,Chowan County,2021-10-31,2.19,42,-0.95,3.14
37041,Chowan County,2021-11-30,1.34,21,-1.58,2.92
37041,Chowan County,2021-12-31,1.86,18,-1.64,3.5
37043,Clay County,2021-01-31,4.53,43,-1.56,6.09
37043,Clay County,2021-02-28,6.47,81,0.62,5.85
37043,Clay County,2021-03-31,10.67,117,4.16,6.51
37043,Clay County,2021-04-30,3.06,21,-1.97,5.03
37043,Clay County,2021-05-31,5.25,88,0.68,4.57
37043,Clay County,2021-06-30,5.1,70,0.04,5.06
37043,Clay County,2021-07-31,5.33,59,-0.26,5.59
37043,Clay County,2021-08-31,10.5,125,5.48,5.02
37043,Clay County,2021-09-30,5.15,104,1.59,3.56
37043,Clay County,2021-10-31,5.66,97,1.75,3.91
37043,Clay County,2021-11-30,1.47,12,-2.79,4.26
37043,Clay County,2021-12-31,4.65,47,-1.23,5.88
37045,Cleveland County,2021-01-31,3.66,66,-0.51,4.17
37045,Cleveland County,2021-02-28,5.07,94,0.91,4.16
37045,Cleveland County,2021-03-31,6.24,97,1.47,4.77
37045,Cleveland County,2021-04-30,2.01,24,-1.68,3.69
37045,Cleveland County,2021-05-31,2.38,30,-1.44,3.82
37045,Cleveland County,2021-06-30,2.55,26,-1.67,4.22
37045,Cleveland County,2021-07-31,5.19,86,0.36,4.83
37045,Cleveland County,2021-08-31,3.84,55,-1.09,4.93
37045,Cleveland County,2021-09-30,1.94,32,-1.82,3.76
37045,Cleveland County,2021-10-31,2.27,47,-1.35,3.62
37045,Cleveland County,2021-11-30,0.79,10,-2.32,3.11
37045,Cleveland County,2021-12-31,1.7,10,-2.43,4.13
37047,Columbus County,2021-01-31,5.47,113,1.88,3.59
37047,Columbus County,2021-02-28,7.5,124,3.83,3.67
37047,Columbus County,2021-03-31,1.74,15,-2.2,3.94
37047,Columbus County,2021-04-30,1.37,18,-1.68,3.05
37047,Columbus County,2021-05-31,1.31,11,-2.5,3.81
37047,Columbus County,2021-06-30,7.45,112,2.45,5
37047,Columbus County,2021-07-31,7.74,101,1.3,6.44
37047,Columbus County,2021-08-31,6.36,80,0.6,5.76
37047,Columbus County,2021-09-30,3.35,37,-1.94,5.29
37047,Columbus County,2021-10-31,1.65,39,-1.31,2.96
37047,Columbus County,2021-11-30,0.95,12,-1.71,2.66
37047,Columbus County,2021-12-31,2.39,42,-0.94,3.33
37049,Craven County,2021-01-31,4.96,95,1.04,3.92
37049,Craven County,2021-02-28,7.41,123,3.58,3.83
37049,Craven County,2021-03-31,3.18,44,-0.75,3.93
37049,Craven County,2021-04-30,1.31,13,-1.9,3.21
37049,Craven County,2021-05-31,2.14,17,-1.97,4.11
37049,Craven County,2021-06-30,10.74,124,5.61,5.13
37049,Craven County,2021-07-31,5.31,39,-1.83,7.14
37049,Craven County,2021-08-31,8.85,106,2.38,6.47
37049,Craven County,2021-09-30,2.69,24,-2.79,5.48
37049,Craven County,2021-10-31,2.59,60,-0.62,3.21
37049,Craven County,2021-11-30,0.85,11,-2.15,3
37049,Craven County,2021-12-31,3.13,49,-0.51,3.64
37051,Cumberland County,2021-01-31,5.84,120,2.38,3.46
37051,Cumberland County,2021-02-28,7,125,3.38,3.62
37051,Cumberland County,2021-03-31,2.87,40,-0.97,3.84
37051,Cumberland County,2021-04-30,1.43,14,-1.82,3.25
37051,Cumberland County,2021-05-31,2.01,18,-1.72,3.73
37051,Cumberland County,2021-06-30,6.63,112,1.95,4.68
37051,Cumberland County,2021-07-31,6.45,79,0.48,5.97
37051,Cumberland County,2021-08-31,2.74,11,-2.74,5.48
37051,Cumberland County,2021-09-30,3.17,54,-1.15,4.32
37051,Cumberland County,2021-10-31,1.64,42,-1.18,2.82
37051,Cumberland County,2021-11-30,0.71,7,-1.97,2.68
37051,Cumberland County,2021-12-31,2.67,53,-0.48,3.15
37053,Currituck County,2021-01-31,4.61,101,0.82,3.79
37053,Currituck County,2021-02-28,7,124,3.42,3.58
37053,Currituck County,2021-03-31,2.25,16,-1.55,3.8
37053,Currituck County,2021-04-30,2.94,56,-0.23,3.17
37053,Currituck County,2021-05-31,2.33,24,-1.26,3.59
37053,Currituck County,2021-06-30,7.8,120,3.51,4.29
37053,Currituck County,2021-07-31,4.28,30,-1.68,5.96
37053,Currituck County,2021-08-31,9.31,116,3.72,5.59
37053,Currituck County,2021-09-30,2.34,37,-1.91,4.25
37053,Currituck County,2021-10-31,2.66,57,-0.55,3.21
37053,Currituck County,2021-11-30,1.24,18,-1.7,2.94
37053,Currituck County,2021-12-31,1.75,16,-1.66,3.41
37055,Dare County,2021-01-31,4.74,95,0.71,4.03
37055,Dare County,2021-02-28,7.19,123,3.34,3.85
37055,Dare County,2021-03-31,2.41,23,-1.43,3.84
37055,Dare County,2021-04-30,2.3,34,-0.96,3.26
37055,Dare County,2021-05-31,2.6,38,-1.09,3.69
37055,Dare County,2021-06-30,7.54,112,2.89,4.65
37055,Dare County,2021-07-31,5.21,53,-0.83,6.04
37055,Dare County,2021-08-31,8.19,108,2.41,5.78
37055,Dare County,2021-09-30,1.76,15,-3.18,4.94
37055,Dare County,2021-10-31,4.2,82,0.54,3.66
37055,Dare County,2021-11-30,1.82,31,-1.58,3.4
37055,Dare County,2021-12-31,2.15,18,-1.75,3.9
37057,Davidson County,2021-01-31,3.4,67,-0.37,3.77
37057,Davidson County,2021-02-28,7.2,125,3.59,3.61
37057,Davidson County,2021-03-31,5.08,94,0.89,4.19
37057,Davidson County,2021-04-30,1.32,10,-2.2,3.52
37057,Davidson County,2021-05-31,2.34,24,-1.64,3.98
37057,Davidson County,2021-06-30,3.55,55,-0.53,4.08
37057,Davidson County,2021-07-31,4.95,72,0.14,4.81
37057,Davidson County,2021-08-31,3.54,56,-1.02,4.56
37057,Davidson County,2021-09-30,3.75,72,0.08,3.67
37057,Davidson County,2021-10-31,2.82,66,-0.34,3.16
37057,Davidson County,2021-11-30,0.67,11,-2.16,2.83
37057,Davidson County,2021-12-31,1.01,4,-2.56,3.57
37059,Davie County,2021-01-31,3.24,64,-0.43,3.67
37059,Davie County,2021-02-28,6.32,121,2.71,3.61
37059,Davie County,2021-03-31,5.33,100,1.06,4.27
37059,Davie County,2021-04-30,1.69,18,-1.77,3.46
37059,Davie County,2021-05-31,2.19,22,-1.81,4
37059,Davie County,2021-06-30,2.8,38,-1.23,4.03
37059,Davie County,2021-07-31,4.14,63,-0.42,4.56
37059,Davie County,2021-08-31,4.6,77,0.18,4.42
37059,Davie County,2021-09-30,4.48,86,0.76,3.72
37059,Davie County,2021-10-31,1.79,37,-1.48,3.27
37059,Davie County,2021-11-30,0.57,6,-2.24,2.81
37059,Davie County,2021-12-31,1.22,8,-2.37,3.59
37061,Duplin County,2021-01-31,5.68,116,1.94,3.74
37061,Duplin County,2021-02-28,6.97,124,3.36,3.61
37061,Duplin County,2021-03-31,2.86,34,-1.13,3.99
37061,Duplin County,2021-04-30,2.33,38,-0.75,3.08
37061,Duplin County,2021-05-31,1.76,8,-2.45,4.21
37061,Duplin County,2021-06-30,7.39,112,2.35,5.04
37061,Duplin County,2021-07-31,8.36,102,1.33,7.03
37061,Duplin County,2021-08-31,6.59,86,0.73,5.86
37061,Duplin County,2021-09-30,2.09,19,-2.94,5.03
37061,Duplin County,2021-10-31,2.57,66,-0.31,2.88
37061,Duplin County,2021-11-30,0.85,9,-1.88,2.73
37061,Duplin County,2021-12-31,2.66,48,-0.64,3.3
37063,Durham County,2021-01-31,4.52,101,0.93,3.59
37063,Durham County,2021-02-28,6.49,123,3.02,3.47
37063,Durham County,2021-03-31,2.88,36,-1.07,3.95
37063,Durham County,2021-04-30,1.43,10,-1.95,3.38
37063,Durham County,2021-05-31,2.15,19,-1.57,3.72
37063,Durham County,2021-06-30,5.93,111,1.87,4.06
37063,Durham County,2021-07-31,5.89,94,1.01,4.88
37063,Durham County,2021-08-31,3.88,59,-0.77,4.65
37063,Durham County,2021-09-30,3.18,59,-0.55,3.73
37063,Durham County,2021-10-31,4.7,108,1.75,2.95
37063,Durham County,2021-11-30,0.62,8,-2.22,2.84
37063,Durham County,2021-12-31,1.79,17,-1.48,3.27
37065,Edgecombe County,2021-01-31,6.06,121,2.35,3.71
37065,Edgecombe County,2021-02-28,6.97,124,3.3,3.67
37065,Edgecombe County,2021-03-31,3.01,36,-0.93,3.94
37065,Edgecombe County,2021-04-30,1.82,19,-1.54,3.36
37065,Edgecombe County,2021-05-31,1.73,14,-2.04,3.77
37065,Edgecombe County,2021-06-30,9.29,123,4.7,4.59
37065,Edgecombe County,2021-07-31,5.62,71,-0.02,5.64
37065,Edgecombe County,2021-08-31,5.99,90,0.67,5.32
37065,Edgecombe County,2021-09-30,2.46,36,-1.78,4.24
37065,Edgecombe County,2021-10-31,2.41,55,-0.53,2.94
37065,Edgecombe County,2021-11-30,0.8,10,-1.99,2.79
37065,Edgecombe County,2021-12-31,2.35,30,-0.99,3.34
37067,Forsyth County,2021-01-31,3.13,62,-0.4,3.53
37067,Forsyth County,2021-02-28,5.93,120,2.45,3.48
37067,Forsyth County,2021-03-31,5.08,101,0.97,4.11
37067,Forsyth County,2021-04-30,1.57,13,-1.96,3.53
37067,Forsyth County,2021-05-31,2.81,31,-1.19,4
37067,Forsyth County,2021-06-30,3.08,43,-0.93,4.01
37067,Forsyth County,2021-07-31,5.84,102,1.29,4.55
37067,Forsyth County,2021-08-31,3.63,60,-0.75,4.38
37067,Forsyth County,2021-09-30,4.66,93,1.06,3.6
37067,Forsyth County,2021-10-31,2.19,47,-1.02,3.21
37067,Forsyth County,2021-11-30,0.45,4,-2.3,2.75
37067,Forsyth County,2021-12-31,1.39,13,-2.1,3.49
37069,Franklin County,2021-01-31,4.78,107,1.13,3.65
37069,Franklin County,2021-02-28,6.5,123,2.9,3.6
37069,Franklin County,2021-03-31,2.64,25,-1.39,4.03
37069,Franklin County,2021-04-30,1.47,11,-1.91,3.38
37069,Franklin County,2021-05-31,1.93,18,-1.87,3.8
37069,Franklin County,2021-06-30,5.48,99,1.26,4.22
37069,Franklin County,2021-07-31,7.61,113,2.31,5.3
37069,Franklin County,2021-08-31,4,56,-0.85,4.85
37069,Franklin County,2021-09-30,2.93,55,-0.97,3.9
37069,Franklin County,2021-10-31,3.22,77,0.25,2.97
37069,Franklin County,2021-11-30,0.73,9,-2.17,2.9
37069,Franklin County,2021-12-31,2.25,32,-1.06,3.31
37071,Gaston County,2021-01-31,3.99,73,0.03,3.96
37071,Gaston County,2021-02-28,5.77,106,1.69,4.08
37071,Gaston County,2021-03-31,5.56,92,0.92,4.64
37071,Gaston County,2021-04-30,1.87,19,-1.67,3.54
37071,Gaston County,2021-05-31,2.29,31,-1.46,3.75
37071,Gaston County,2021-06-30,3.16,41,-0.89,4.05
37071,Gaston County,2021-07-31,5.55,92,0.8,4.75
37071,Gaston County,2021-08-31,3.71,57,-0.94,4.65
37071,Gaston County,2021-09-30,1.94,36,-1.8,3.74
37071,Gaston County,2021-10-31,1.4,27,-2.03,3.43
37071,Gaston County,2021-11-30,0.88,11,-2.09,2.97
37071,Gaston County,2021-12-31,1.94,14,-1.97,3.91
37073,Gates County,2021-01-31,4.57,100,0.86,3.71
37073,Gates County,2021-02-28,7.41,126,3.77,3.64
37073,Gates County,2021-03-31,2.33,15,-1.6,3.93
37073,Gates County,2021-04-30,3.27,63,-0.11,3.38
37073,Gates County,2021-05-31,2.13,18,-1.72,3.85
37073,Gates County,2021-06-30,8.45,123,3.9,4.55
37073,Gates County,2021-07-31,7.09,92,1.01,6.08
37073,Gates County,2021-08-31,9,113,3.51,5.49
37073,Gates County,2021-09-30,2.3,31,-1.99,4.29
37073,Gates County,2021-10-31,1.98,33,-1.14,3.12
37073,Gates County,2021-11-30,1.22,17,-1.68,2.9
37073,Gates County,2021-12-31,1.97,17,-1.44,3.41
37075,Graham County,2021-01-31,4.46,40,-1.98,6.44
37075,Graham County,2021-02-28,7.19,90,1.14,6.05
37075,Graham County,2021-03-31,10.46,118,3.87,6.59
37075,Graham County,2021-04-30,2.72,14,-2.48,5.2
37075,Graham County,2021-05-31,4.92,77,0.16,4.76
37075,Graham County,2021-06-30,5.91,82,0.32,5.59
37075,Graham County,2021-07-31,4.88,45,-0.81,5.69
37075,Graham County,2021-08-31,10.52,125,5.47,5.05
37075,Graham County,2021-09-30,6,110,2.36,3.64
37075,Graham County,2021-10-31,6.21,105,2.33,3.88
37075,Graham County,2021-11-30,1.78,12,-2.79,4.57
37075,Graham County,2021-12-31,4.8,49,-1.26,6.06
37077,Granville County,2021-01-31,4.35,96,0.77,3.58
37077,Granville County,2021-02-28,7.05,126,3.69,3.36
37077,Granville County,2021-03-31,3.26,49,-0.73,3.99
37077,Granville County,2021-04-30,2.07,19,-1.42,3.49
37077,Granville County,2021-05-31,2.2,21,-1.64,3.84
37077,Granville County,2021-06-30,4.4,80,0.33,4.07
37077,Granville County,2021-07-31,7.18,118,2.4,4.78
37077,Granville County,2021-08-31,4.92,81,0.19,4.73
37077,Granville County,2021-09-30,2.91,55,-0.78,3.69
37077,Granville County,2021-10-31,2.56,56,-0.43,2.99
37077,Granville County,2021-11-30,0.52,6,-2.31,2.83
37077,Granville County,2021-12-31,2.02,25,-1.27,3.29
37079,Greene County,2021-01-31,5.77,116,2.04,3.73
37079,Greene County,2021-02-28,7.37,124,3.7,3.67
37079,Greene County,2021-03-31,4.13,71,0.2,3.93
37079,Greene County,2021-04-30,1.69,18,-1.69,3.38
37079,Greene County,2021-05-31,2.13,20,-1.84,3.97
37079,Greene County,2021-06-30,11.18,125,6.37,4.81
37079,Greene County,2021-07-31,7.33,94,1.12,6.21
37079,Greene County,2021-08-31,7.38,101,1.91,5.47
37079,Greene County,2021-09-30,2.15,23,-2.5,4.65
37079,Greene County,2021-10-31,2.19,59,-0.68,2.87
37079,Greene County,2021-11-30,0.81,12,-2.01,2.82
37079,Greene County,2021-12-31,2.8,48,-0.5,3.3
37081,Guilford County,2021-01-31,3.97,78,0.37,3.6
37081,Guilford County,2021-02-28,6.37,122,2.9,3.47
37081,Guilford County,2021-03-31,5.05,100,1.03,4.02
37081,Guilford County,2021-04-30,1.79,17,-1.66,3.45
37081,Guilford County,2021-05-31,2.22,24,-1.65,3.87
37081,Guilford County,2021-06-30,3.86,69,-0.22,4.08
37081,Guilford County,2021-07-31,5.52,89,0.74,4.78
37081,Guilford County,2021-08-31,4.03,68,-0.51,4.54
37081,Guilford County,2021-09-30,3.92,77,0.21,3.71
37081,Guilford County,2021-10-31,2.63,60,-0.45,3.08
37081,Guilford County,2021-11-30,0.33,2,-2.4,2.73
37081,Guilford County,2021-12-31,1.48,10,-1.92,3.4
37083,Halifax County,2021-01-31,5.38,114,1.8,3.58
37083,Halifax County,2021-02-28,7.73,126,4.2,3.53
37083,Halifax County,2021-03-31,3.41,48,-0.46,3.87
37083,Halifax County,2021-04-30,2.65,38,-0.73,3.38
37083,Halifax County,2021-05-31,1.6,10,-2.22,3.82
37083,Halifax County,2021-06-30,6.35,110,2.1,4.25
37083,Halifax County,2021-07-31,5.04,63,-0.38,5.42
37083,Halifax County,2021-08-31,5.97,95,0.99,4.98
37083,Halifax County,2021-09-30,2.68,43,-1.31,3.99
37083,Halifax County,2021-10-31,2.53,58,-0.41,2.94
37083,Halifax County,2021-11-30,0.83,9,-1.98,2.81
37083,Halifax County,2021-12-31,1.82,16,-1.49,3.31
37085,Harnett County,2021-01-31,5.16,110,1.6,3.56
37085,Harnett County,2021-02-28,7.25,125,3.56,3.69
37085,Harnett County,2021-03-31,3.03,41,-0.88,3.91
37085,Harnett County,2021-04-30,0.95,6,-2.44,3.39
37085,Harnett County,2021-05-31,2.5,28,-1.34,3.84
37085,Harnett County,2021-06-30,5.86,99,1.44,4.42
37085,Harnett County,2021-07-31,7.25,93,1.47,5.78
37085,Harnett County,2021-08-31,3.53,35,-1.66,5.19
37085,Harnett County,2021-09-30,2.9,45,-1.28,4.18
37085,Harnett County,2021-10-31,2.39,62,-0.54,2.93
37085,Harnett County,2021-11-30,0.86,16,-1.91,2.77
37085,Harnett County,2021-12-31,2.54,45,-0.77,3.31
37087,Haywood County,2021-01-31,4.05,53,-0.61,4.66
37087,Haywood County,2021-02-28,5.74,91,1.13,4.61
37087,Haywood County,2021-03-31,7.95,112,2.52,5.43
37087,Haywood County,2021-04-30,2.52,15,-1.79,4.31
37087,Haywood County,2021-05-31,4.16,55,-0.35,4.51
37087,Haywood County,2021-06-30,4.17,52,-0.65,4.82
37087,Haywood County,2021-07-31,6.25,84,0.85,5.4
37087,Haywood County,2021-08-31,9.62,124,4.43,5.19
37087,Haywood County,2021-09-30,3.64,65,-0.21,3.85
37087,Haywood County,2021-10-31,6.88,109,2.78,4.1
37087,Haywood County,2021-11-30,1.43,12,-2.19,3.62
37087,Haywood County,2021-12-31,2.84,30,-1.77,4.61
37089,Henderson County,2021-01-31,3.74,45,-1.01,4.75
37089,Henderson County,2021-02-28,5.28,84,0.7,4.58
37089,Henderson County,2021-03-31,9.18,116,3.52,5.66
37089,Henderson County,2021-04-30,3.16,34,-1.32,4.48
37089,Henderson County,2021-05-31,3.49,43,-1.34,4.83
37089,Henderson County,2021-06-30,4.09,48,-0.97,5.06
37089,Henderson County,2021-07-31,4.47,52,-0.84,5.31
37089,Henderson County,2021-08-31,7.72,102,1.9,5.82
37089,Henderson County,2021-09-30,3.25,43,-1.2,4.45
37089,Henderson County,2021-10-31,7.23,102,2.57,4.66
37089,Henderson County,2021-11-30,1.05,8,-2.96,4.01
37089,Henderson County,2021-12-31,1.65,8,-3.12,4.77
37091,Hertford County,2021-01-31,4.79,103,1.08,3.71
37091,Hertford County,2021-02-28,7.44,126,3.77,3.67
37091,Hertford County,2021-03-31,2.97,32,-0.97,3.94
37091,Hertford County,2021-04-30,2.95,52,-0.48,3.43
37091,Hertford County,2021-05-31,1.86,11,-2.12,3.98
37091,Hertford County,2021-06-30,7.28,116,2.67,4.61
37091,Hertford County,2021-07-31,6.67,88,0.71,5.96
37091,Hertford County,2021-08-31,7.87,109,2.53,5.34
37091,Hertford County,2021-09-30,1.95,23,-2.33,4.28
37091,Hertford County,2021-10-31,1.65,29,-1.43,3.08
37091,Hertford County,2021-11-30,1.11,15,-1.77,2.88
37091,Hertford County,2021-12-31,2,18,-1.43,3.43
37093,Hoke County,2021-01-31,6.02,118,2.44,3.58
37093,Hoke County,2021-02-28,7.32,125,3.68,3.64
37093,Hoke County,2021-03-31,3.27,52,-0.58,3.85
37093,Hoke County,2021-04-30,1.07,6,-2.13,3.2
37093,Hoke County,2021-05-31,1.69,14,-1.93,3.62
37093,Hoke County,2021-06-30,6.71,112,2.13,4.58
37093,Hoke County,2021-07-31,5.49,61,-0.58,6.07
37093,Hoke County,2021-08-31,2.52,12,-2.8,5.32
37093,Hoke County,2021-09-30,3.5,61,-0.71,4.21
37093,Hoke County,2021-10-31,1.9,47,-1.04,2.94
37093,Hoke County,2021-11-30,0.8,14,-1.92,2.72
37093,Hoke County,2021-12-31,2.65,48,-0.51,3.16
37095,Hyde County,2021-01-31,6.16,114,2.16,4
37095,Hyde County,2021-02-28,7.71,125,3.88,3.83
37095,Hyde County,2021-03-31,2.71,29,-1.26,3.97
37095,Hyde County,2021-04-30,1.7,14,-1.67,3.37
37095,Hyde County,2021-05-31,3.25,50,-0.69,3.94
37095,Hyde County,2021-06-30,9.43,123,4.6,4.83
37095,Hyde County,2021-07-31,5.93,64,-0.49,6.42
37095,Hyde County,2021-08-31,8.69,110,2.5,6.19
37095,Hyde County,2021-09-30,2.01,16,-3.23,5.24
37095,Hyde County,2021-10-31,2.8,58,-0.7,3.5
37095,Hyde County,2021-11-30,1.45,21,-1.87,3.32
37095,Hyde County,2021-12-31,2.85,34,-0.98,3.83
37097,Iredell County,2021-01-31,3.51,67,-0.33,3.84
37097,Iredell County,2021-02-28,5.92,117,2.11,3.81
37097,Iredell County,2021-03-31,5.51,96,1.08,4.43
37097,Iredell County,2021-04-30,1.79,17,-1.7,3.49
37097,Iredell County,2021-05-31,2.79,44,-1.09,3.88
37097,Iredell County,2021-06-30,2.37,24,-1.8,4.17
37097,Iredell County,2021-07-31,5.26,85,0.61,4.65
37097,Iredell County,2021-08-31,4.32,72,-0.34,4.66
37097,Iredell County,2021-09-30,3.1,58,-0.67,3.77
37097,Iredell County,2021-10-31,2.04,43,-1.33,3.37
37097,Iredell County,2021-11-30,0.52,6,-2.38,2.9
37097,Iredell County,2021-12-31,1.32,8,-2.45,3.77
37099,Jackson County,2021-01-31,4.89,59,-0.82,5.71
37099,Jackson County,2021-02-28,6.07,79,0.4,5.67
37099,Jackson County,2021-03-31,10.09,115,3.6,6.49
37099,Jackson County,2021-04-30,3.16,27,-1.74,4.9
37099,Jackson County,2021-05-31,4.69,66,-0.41,5.1
37099,Jackson County,2021-06-30,4.41,49,-0.74,5.15
37099,Jackson County,2021-07-31,7.32,103,1.6,5.72
37099,Jackson County,2021-08-31,8.62,115,3.34,5.28
37099,Jackson County,2021-09-30,4.6,81,0.49,4.11
37099,Jackson County,2021-10-31,8,110,3.55,4.45
37099,Jackson County,2021-11-30,1.28,9,-3.11,4.39
37099,Jackson County,2021-12-31,3.36,24,-2.52,5.88
37101,Johnston County,2021-01-31,5.47,114,1.8,3.67
37101,Johnston County,2021-02-28,6.88,124,3.18,3.7
37101,Johnston County,2021-03-31,3.11,42,-0.82,3.93
37101,Johnston County,2021-04-30,1.46,12,-1.91,3.37
37101,Johnston County,2021-05-31,2.69,34,-1.02,3.71
37101,Johnston County,2021-06-30,7.22,113,2.75,4.47
37101,Johnston County,2021-07-31,8.14,108,2.48,5.66
37101,Johnston County,2021-08-31,4.24,50,-0.9,5.14
37101,Johnston County,2021-09-30,2.71,34,-1.64,4.35
37101,Johnston County,2021-10-31,3.41,86,0.51,2.9
37101,Johnston County,2021-11-30,0.79,11,-2.01,2.8
37101,Johnston County,2021-12-31,2.38,36,-0.93,3.31
37103,Jones County,2021-01-31,4.85,96,0.96,3.89
37103,Jones County,2021-02-28,7.06,123,3.26,3.8
37103,Jones County,2021-03-31,3.54,61,-0.44,3.98
37103,Jones County,2021-04-30,1.19,13,-1.97,3.16
37103,Jones County,2021-05-31,1.75,9,-2.42,4.17
37103,Jones County,2021-06-30,9.93,122,4.72,5.21
37103,Jones County,2021-07-31,5.54,36,-1.63,7.17
37103,Jones County,2021-08-31,8.75,108,2.42,6.33
37103,Jones County,2021-09-30,2.61,25,-2.86,5.47
37103,Jones County,2021-10-31,2.83,71,-0.26,3.09
37103,Jones County,2021-11-30,0.77,9,-2.11,2.88
37103,Jones County,2021-12-31,2.95,48,-0.57,3.52
37105,Lee County,2021-01-31,3.96,85,0.35,3.61
37105,Lee County,2021-02-28,7.12,125,3.48,3.64
37105,Lee County,2021-03-31,2.68,37,-1.27,3.95
37105,Lee County,2021-04-30,0.78,4,-2.57,3.35
37105,Lee County,2021-05-31,2.51,28,-1.37,3.88
37105,Lee County,2021-06-30,6.76,115,2.53,4.23
37105,Lee County,2021-07-31,6.13,83,0.6,5.53
37105,Lee County,2021-08-31,3.45,37,-1.48,4.93
37105,Lee County,2021-09-30,3.77,70,-0.27,4.04
37105,Lee County,2021-10-31,2.37,56,-0.66,3.03
37105,Lee County,2021-11-30,1.02,19,-1.8,2.82
37105,Lee County,2021-12-31,2.25,35,-1.1,3.35
37107,Lenoir County,2021-01-31,5.61,114,1.84,3.77
37107,Lenoir County,2021-02-28,7.78,125,4.12,3.66
37107,Lenoir County,2021-03-31,4.74,92,0.78,3.96
37107,Lenoir County,2021-04-30,1.78,19,-1.53,3.31
37107,Lenoir County,2021-05-31,1.84,12,-2.28,4.12
37107,Lenoir County,2021-06-30,9.8,124,4.78,5.02
37107,Lenoir County,2021-07-31,7.17,84,0.53,6.64
37107,Lenoir County,2021-08-31,7.97,109,2.24,5.73
37107,Lenoir County,2021-09-30,1.91,19,-3.06,4.97
37107,Lenoir County,2021-10-31,1.93,44,-0.94,2.87
37107,Lenoir County,2021-11-30,0.74,9,-2.05,2.79
37107,Lenoir County,2021-12-31,2.82,52,-0.47,3.29
37109,Lincoln County,2021-01-31,3.73,68,-0.24,3.97
37109,Lincoln County,2021-02-28,5.34,101,1.34,4
37109,Lincoln County,2021-03-31,6.02,100,1.42,4.6
37109,Lincoln County,2021-04-30,1.79,18,-1.78,3.57
37109,Lincoln County,2021-05-31,2.16,24,-1.61,3.77
37109,Lincoln County,2021-06-30,3.06,35,-1.12,4.18
37109,Lincoln County,2021-07-31,4.74,73,0.02,4.72
37109,Lincoln County,2021-08-31,3.66,53,-1.05,4.71
37109,Lincoln County,2021-09-30,2.01,30,-1.77,3.78
37109,Lincoln County,2021-10-31,1.88,41,-1.63,3.51
37109,Lincoln County,2021-11-30,0.72,7,-2.28,3
37109,Lincoln County,2021-12-31,1.47,8,-2.46,3.93
37111,McDowell County,2021-01-31,3.46,52,-0.8,4.26
37111,McDowell County,2021-02-28,4.6,84,0.5,4.1
37111,McDowell County,2021-03-31,6.8,99,1.58,5.22
37111,McDowell County,2021-04-30,3.05,34,-1.12,4.17
37111,McDowell County,2021-05-31,3.1,39,-1.42,4.52
37111,McDowell County,2021-06-30,3.16,30,-1.56,4.72
37111,McDowell County,2021-07-31,5.17,64,-0.25,5.42
37111,McDowell County,2021-08-31,9.22,112,3.31,5.91
37111,McDowell County,2021-09-30,3.71,57,-0.73,4.44
37111,McDowell County,2021-10-31,7.91,107,3.62,4.29
37111,McDowell County,2021-11-30,1.15,9,-2.52,3.67
37111,McDowell County,2021-12-31,1.17,4,-3.11,4.28
37113,Macon County,2021-01-31,4.88,52,-1.24,6.12
37113,Macon County,2021-02-28,6.48,79,0.51,5.97
37113,Macon County,2021-03-31,10.51,114,3.86,6.65
37113,Macon County,2021-04-30,3.25,25,-1.83,5.08
37113,Macon County,2021-05-31,5.12,78,0.17,4.95
37113,Macon County,2021-06-30,4.42,55,-0.73,5.15
37113,Macon County,2021-07-31,5.22,57,-0.49,5.71
37113,Macon County,2021-08-31,8.36,117,3.2,5.16
37113,Macon County,2021-09-30,4.69,86,0.84,3.85
37113,Macon County,2021-10-31,7.86,109,3.55,4.31
37113,Macon County,2021-11-30,1.29,7,-3.14,4.43
37113,Macon County,2021-12-31,3.69,30,-2.42,6.11
37115,Madison County,2021-01-31,3.19,59,-0.55,3.74
37115,Madison County,2021-02-28,4.75,101,1.12,3.63
37115,Madison County,2021-03-31,6.3,112,1.91,4.39
37115,Madison County,2021-04-30,2.19,14,-1.49,3.68
37115,Madison County,2021-05-31,3.3,45,-0.57,3.87
37115,Madison County,2021-06-30,5.94,107,1.66,4.28
37115,Madison County,2021-07-31,4.83,61,-0.07,4.9
37115,Madison County,2021-08-31,6.57,119,2.22,4.35
37115,Madison County,2021-09-30,2.47,42,-0.76,3.23
37115,Madison County,2021-10-31,4.71,102,1.6,3.11
37115,Madison County,2021-11-30,1.14,12,-1.78,2.92
37115,Madison County,2021-12-31,2.27,30,-1.35,3.62
37117,Martin County,2021-01-31,5.6,115,1.84,3.76
37117,Martin County,2021-02-28,8.36,127,4.67,3.69
37117,Martin County,2021-03-31,2.71,25,-1.19,3.9
37117,Martin County,2021-04-30,2.24,29,-1.16,3.4
37117,Martin County,2021-05-31,2.61,31,-1.27,3.88
37117,Martin County,2021-06-30,12.36,127,7.53,4.83
37117,Martin County,2021-07-31,5.41,52,-0.74,6.15
37117,Martin County,2021-08-31,6.14,88,0.56,5.58
37117,Martin County,2021-09-30,1.86,19,-2.7,4.56
37117,Martin County,2021-10-31,1.55,25,-1.47,3.02
37117,Martin County,2021-11-30,1.09,18,-1.73,2.82
37117,Martin County,2021-12-31,2.53,36,-0.82,3.35
37119,Mecklenburg County,2021-01-31,3.79,72,-0.09,3.88
37119,Mecklenburg County,2021-02-28,5.61,109,1.71,3.9
37119,Mecklenburg County,2021-03-31,3.99,63,-0.36,4.35
37119,Mecklenburg County,2021-04-30,1.52,12,-1.88,3.4
37119,Mecklenburg County,2021-05-31,2.21,28,-1.41,3.62
37119,Mecklenburg County,2021-06-30,3.72,64,-0.29,4.01
37119,Mecklenburg County,2021-07-31,4.99,80,0.3,4.69
37119,Mecklenburg County,2021-08-31,3.74,58,-0.8,4.54
37119,Mecklenburg County,2021-09-30,2.24,38,-1.44,3.68
37119,Mecklenburg County,2021-10-31,1.34,28,-1.93,3.27
37119,Mecklenburg County,2021-11-30,1.02,23,-1.85,2.87
37119,Mecklenburg County,2021-12-31,2.41,26,-1.3,3.71
37121,Mitchell County,2021-01-31,3.38,51,-0.66,4.04
37121,Mitchell County,2021-02-28,4.72,92,0.77,3.95
37121,Mitchell County,2021-03-31,6.39,104,1.67,4.72
37121,Mitchell County,2021-04-30,2.82,26,-1.12,3.94
37121,Mitchell County,2021-05-31,3.19,30,-1.29,4.48
37121,Mitchell County,2021-06-30,4.49,71,-0.07,4.56
37121,Mitchell County,2021-07-31,4.86,49,-0.67,5.53
37121,Mitchell County,2021-08-31,7.88,120,2.94,4.94
37121,Mitchell County,2021-09-30,3.06,43,-0.83,3.89
37121,Mitchell County,2021-10-31,6.94,116,3.33,3.61
37121,Mitchell County,2021-11-30,1.5,14,-1.85,3.35
37121,Mitchell County,2021-12-31,1.42,3,-2.45,3.87
37123,Montgomery County,2021-01-31,5.36,109,1.57,3.79
37123,Montgomery County,2021-02-28,6.7,122,3,3.7
37123,Montgomery County,2021-03-31,3.84,68,-0.27,4.11
37123,Montgomery County,2021-04-30,1.09,6,-2.34,3.43
37123,Montgomery County,2021-05-31,2.5,28,-1.22,3.72
37123,Montgomery County,2021-06-30,5.8,108,1.52,4.28
37123,Montgomery County,2021-07-31,6.04,88,0.65,5.39
37123,Montgomery County,2021-08-31,5.1,84,0.23,4.87
37123,Montgomery County,2021-09-30,4.18,79,0.3,3.88
37123,Montgomery County,2021-10-31,4.72,101,1.57,3.15
37123,Montgomery County,2021-11-30,1.08,20,-1.75,2.83
37123,Montgomery County,2021-12-31,2.04,24,-1.38,3.42
37125,Moore County,2021-01-31,5.16,108,1.46,3.7
37125,Moore County,2021-02-28,7.67,126,4.03,3.64
37125,Moore County,2021-03-31,3.47,54,-0.55,4.02
37125,Moore County,2021-04-30,0.63,4,-2.74,3.37
37125,Moore County,2021-05-31,2.15,22,-1.6,3.75
37125,Moore County,2021-06-30,6.34,113,1.98,4.36
37125,Moore County,2021-07-31,5.69,74,-0.06,5.75
37125,Moore County,2021-08-31,3.78,48,-1.43,5.21
37125,Moore County,2021-09-30,4.44,78,0.45,3.99
37125,Moore County,2021-10-31,2.86,65,-0.29,3.15
37125,Moore County,2021-11-30,1.09,22,-1.73,2.82
37125,Moore County,2021-12-31,2.4,38,-0.9,3.3
37127,Nash County,2021-01-31,5.73,118,2.04,3.69
37127,Nash County,2021-02-28,6.42,122,2.78,3.64
37127,Nash County,2021-03-31,2.83,32,-1.13,3.96
37127,Nash County,2021-04-30,1.44,12,-1.93,3.37
37127,Nash County,2021-05-31,1.85,18,-1.95,3.8
37127,Nash County,2021-06-30,7.66,118,3.28,4.38
37127,Nash County,2021-07-31,6.81,95,1.27,5.54
37127,Nash County,2021-08-31,4.51,62,-0.73,5.24
37127,Nash County,2021-09-30,2.79,47,-1.34,4.13
37127,Nash County,2021-10-31,3.1,76,0.16,2.94
37127,Nash County,2021-11-30,0.74,8,-2.17,2.91
37127,Nash County,2021-12-31,2.28,28,-1.05,3.33
37129,New Hanover County,2021-01-31,4.98,97,1.16,3.82
37129,New Hanover County,2021-02-28,6.17,115,2.36,3.81
37129,New Hanover County,2021-03-31,2.05,17,-1.94,3.99
37129,New Hanover County,2021-04-30,0.86,8,-2.09,2.95
37129,New Hanover County,2021-05-31,1.32,11,-2.69,4.01
37129,New Hanover County,2021-06-30,10.94,123,5.87,5.07
37129,New Hanover County,2021-07-31,8.33,87,0.85,7.48
37129,New Hanover County,2021-08-31,8.65,106,2.17,6.48
37129,New Hanover County,2021-09-30,3.99,47,-1.81,5.8
37129,New Hanover County,2021-10-31,1.39,27,-1.82,3.21
37129,New Hanover County,2021-11-30,0.77,5,-2.09,2.86
37129,New Hanover County,2021-12-31,2.53,37,-1.09,3.62
37131,Northampton County,2021-01-31,4.85,107,1.28,3.57
37131,Northampton County,2021-02-28,7.87,126,4.35,3.52
37131,Northampton County,2021-03-31,3.46,51,-0.41,3.87
37131,Northampton County,2021-04-30,2.67,40,-0.7,3.37
37131,Northampton County,2021-05-31,1.6,10,-2.33,3.93
37131,Northampton County,2021-06-30,5.85,106,1.57,4.28
37131,Northampton County,2021-07-31,5.62,74,0.1,5.52
37131,Northampton County,2021-08-31,6.97,105,1.99,4.98
37131,Northampton County,2021-09-30,2.55,42,-1.51,4.06
37131,Northampton County,2021-10-31,2.11,46,-0.84,2.95
37131,Northampton County,2021-11-30,0.95,15,-1.86,2.81
37131,Northampton County,2021-12-31,1.83,16,-1.51,3.34
37133,Onslow County,2021-01-31,4.38,91,0.46,3.92
37133,Onslow County,2021-02-28,6.28,117,2.44,3.84
37133,Onslow County,2021-03-31,2.66,27,-1.36,4.02
37133,Onslow County,2021-04-30,0.83,7,-2.18,3.01
37133,Onslow County,2021-05-31,1.52,8,-2.72,4.24
37133,Onslow County,2021-06-30,9.28,119,3.98,5.3
37133,Onslow County,2021-07-31,5.65,35,-1.77,7.42
37133,Onslow County,2021-08-31,8.28,99,1.71,6.57
37133,Onslow County,2021-09-30,2.48,18,-3.23,5.71
37133,Onslow County,2021-10-31,3.76,84,0.57,3.19
37133,Onslow County,2021-11-30,0.81,8,-2.14,2.95
37133,Onslow County,2021-12-31,2.71,37,-0.9,3.61
37135,Orange County,2021-01-31,4.12,88,0.45,3.67
37135,Orange County,2021-02-28,6.5,124,3.02,3.48
37135,Orange County,2021-03-31,3.33,51,-0.68,4.01
37135,Orange County,2021-04-30,1.85,16,-1.61,3.46
37135,Orange County,2021-05-31,2.16,23,-1.58,3.74
37135,Orange County,2021-06-30,4.84,88,0.76,4.08
37135,Orange County,2021-07-31,5.8,93,0.98,4.82
37135,Orange County,2021-08-31,4.67,81,0.07,4.6
37135,Orange County,2021-09-30,3.67,71,-0.07,3.74
37135,Orange County,2021-10-31,2.75,67,-0.24,2.99
37135,Orange County,2021-11-30,0.56,8,-2.35,2.91
37135,Orange County,2021-12-31,1.59,13,-1.73,3.32
37137,Pamlico County,2021-01-31,5.39,103,1.39,4
37137,Pamlico County,2021-02-28,7.89,127,4.07,3.82
37137,Pamlico County,2021-03-31,2.62,21,-1.27,3.89
37137,Pamlico County,2021-04-30,1.49,14,-1.79,3.28
37137,Pamlico County,2021-05-31,2.83,38,-1.29,4.12
37137,Pamlico County,2021-06-30,9.95,123,4.92,5.03
37137,Pamlico County,2021-07-31,5,38,-2.09,7.09
37137,Pamlico County,2021-08-31,8.59,99,1.9,6.69
37137,Pamlico County,2021-09-30,2.49,19,-3.07,5.56
37137,Pamlico County,2021-10-31,2.77,58,-0.69,3.46
37137,Pamlico County,2021-11-30,1.01,13,-2.18,3.19
37137,Pamlico County,2021-12-31,3.21,47,-0.62,3.8342
37139,Pasquotank County,2021-01-31,4.95,106,1.12,3.83
37139,Pasquotank County,2021-02-28,7.3,124,3.65,3.65
37139,Pasquotank County,2021-03-31,2.26,17,-1.62,3.88
37139,Pasquotank County,2021-04-30,3.06,60,-0.22,3.28
37139,Pasquotank County,2021-05-31,2.64,34,-1.1,3.74
37139,Pasquotank County,2021-06-30,8.45,122,4,4.45
37139,Pasquotank County,2021-07-31,4.87,42,-1.27,6.14
37139,Pasquotank County,2021-08-31,9.6,118,3.94,5.66
37139,Pasquotank County,2021-09-30,2.5,37,-1.92,4.42
37139,Pasquotank County,2021-10-31,2.62,59,-0.57,3.19
37139,Pasquotank County,2021-11-30,1.29,19,-1.66,2.95
37139,Pasquotank County,2021-12-31,1.7,16,-1.72,3.42
37141,Pender County,2021-01-31,4.8,98,1.02,3.78
37141,Pender County,2021-02-28,6.36,120,2.63,3.73
37141,Pender County,2021-03-31,1.76,8,-2.22,3.98
37141,Pender County,2021-04-30,1.14,13,-1.83,2.97
37141,Pender County,2021-05-31,1.64,13,-2.52,4.16
37141,Pender County,2021-06-30,9.87,121,4.73,5.14
37141,Pender County,2021-07-31,8.34,90,1.02,7.32
37141,Pender County,2021-08-31,7.72,91,1.44,6.28
37141,Pender County,2021-09-30,3.11,33,-2.36,5.47
37141,Pender County,2021-10-31,2.05,45,-0.97,3.02
37141,Pender County,2021-11-30,0.78,7,-2.02,2.8
37141,Pender County,2021-12-31,2.5,39,-0.98,3.48
37143,Perquimans County,2021-01-31,5.26,109,1.4,3.86
37143,Perquimans County,2021-02-28,7.52,125,3.82,3.7
37143,Perquimans County,2021-03-31,2.29,18,-1.64,3.93
37143,Perquimans County,2021-04-30,3.16,63,-0.22,3.38
37143,Perquimans County,2021-05-31,3.29,53,-0.56,3.85
37143,Perquimans County,2021-06-30,8.77,123,4.19,4.58
37143,Perquimans County,2021-07-31,4.91,42,-1.32,6.23
37143,Perquimans County,2021-08-31,8.98,113,3.35,5.63
37143,Perquimans County,2021-09-30,2.31,28,-2.22,4.53
37143,Perquimans County,2021-10-31,2.48,51,-0.7,3.18
37143,Perquimans County,2021-11-30,1.32,21,-1.63,2.95
37143,Perquimans County,2021-12-31,1.76,17,-1.71,3.47
37145,Person County,2021-01-31,4.01,89,0.46,3.55
37145,Person County,2021-02-28,6.09,123,2.83,3.26
37145,Person County,2021-03-31,3.58,67,-0.28,3.86
37145,Person County,2021-04-30,1.74,14,-1.77,3.51
37145,Person County,2021-05-31,2.29,21,-1.58,3.87
37145,Person County,2021-06-30,3.72,63,-0.26,3.98
37145,Person County,2021-07-31,5.85,105,1.31,4.54
37145,Person County,2021-08-31,4.27,73,-0.24,4.51
37145,Person County,2021-09-30,3.06,61,-0.68,3.74
37145,Person County,2021-10-31,1.74,36,-1.23,2.97
37145,Person County,2021-11-30,0.32,2,-2.54,2.86
37145,Person County,2021-12-31,1.43,11,-1.81,3.24
37147,Pitt County,2021-01-31,5.64,114,1.87,3.77
37147,Pitt County,2021-02-28,7.57,126,3.86,3.71
37147,Pitt County,2021-03-31,3.55,57,-0.33,3.88
37147,Pitt County,2021-04-30,1.63,16,-1.75,3.38
37147,Pitt County,2021-05-31,2.25,22,-1.62,3.87
37147,Pitt County,2021-06-30,13.01,127,8.08,4.93
37147,Pitt County,2021-07-31,6.49,74,0.26,6.23
37147,Pitt County,2021-08-31,7.28,101,1.64,5.64
37147,Pitt County,2021-09-30,1.94,22,-2.76,4.7
37147,Pitt County,2021-10-31,1.85,40,-1.1,2.95
37147,Pitt County,2021-11-30,0.85,11,-1.93,2.78
37147,Pitt County,2021-12-31,2.9,50,-0.46,3.36
37149,Polk County,2021-01-31,3.71,44,-1.05,4.76
37149,Polk County,2021-02-28,5.36,87,0.78,4.58
37149,Polk County,2021-03-31,7.97,109,2.42,5.55
37149,Polk County,2021-04-30,3.27,43,-1.03,4.3
37149,Polk County,2021-05-31,2.93,33,-1.61,4.54
37149,Polk County,2021-06-30,2.46,10,-2.46,4.92
37149,Polk County,2021-07-31,4.09,38,-1.32,5.41
37149,Polk County,2021-08-31,5.44,75,-0.4,5.84
37149,Polk County,2021-09-30,3.52,47,-1.12,4.64
37149,Polk County,2021-10-31,6.37,100,1.94,4.43
37149,Polk County,2021-11-30,1.09,9,-2.78,3.87
37149,Polk County,2021-12-31,1.72,8,-3.02,4.74
37151,Randolph County,2021-01-31,4.25,84,0.48,3.77
37151,Randolph County,2021-02-28,6.45,123,2.81,3.64
37151,Randolph County,2021-03-31,4.4,78,0.28,4.12
37151,Randolph County,2021-04-30,1.13,6,-2.31,3.44
37151,Randolph County,2021-05-31,2.32,27,-1.58,3.9
37151,Randolph County,2021-06-30,6.06,106,1.9,4.16
37151,Randolph County,2021-07-31,5.75,85,0.48,5.27
37151,Randolph County,2021-08-31,4.52,76,-0.36,4.88
37151,Randolph County,2021-09-30,4.57,86,0.79,3.78
37151,Randolph County,2021-10-31,3.79,86,0.73,3.06
37151,Randolph County,2021-11-30,0.64,12,-2.11,2.75
37151,Randolph County,2021-12-31,1.42,9,-2.06,3.48
37153,Richmond County,2021-01-31,6.23,120,2.54,3.69
37153,Richmond County,2021-02-28,6.75,123,3.03,3.72
37153,Richmond County,2021-03-31,3.43,55,-0.56,3.99
37153,Richmond County,2021-04-30,1.08,6,-2.21,3.29
37153,Richmond County,2021-05-31,1.63,11,-2.04,3.67
37153,Richmond County,2021-06-30,5.36,92,0.98,4.38
37153,Richmond County,2021-07-31,5.35,66,-0.39,5.74
37153,Richmond County,2021-08-31,3.39,37,-1.73,5.12
37153,Richmond County,2021-09-30,4.28,78,0.27,4.01
37153,Richmond County,2021-10-31,2.77,69,-0.31,3.08
37153,Richmond County,2021-11-30,0.86,14,-1.86,2.72
37153,Richmond County,2021-12-31,2.39,39,-0.9,3.29
37155,Robeson County,2021-01-31,6.24,121,2.91,3.33
37155,Robeson County,2021-02-28,7.15,125,3.68,3.47
37155,Robeson County,2021-03-31,2.21,22,-1.56,3.77
37155,Robeson County,2021-04-30,1.13,11,-1.97,3.1
37155,Robeson County,2021-05-31,1.52,13,-2.03,3.55
37155,Robeson County,2021-06-30,6.23,100,1.48,4.75
37155,Robeson County,2021-07-31,5.45,68,-0.36,5.81
37155,Robeson County,2021-08-31,3.6,36,-1.56,5.16
37155,Robeson County,2021-09-30,2.61,34,-1.73,4.34
37155,Robeson County,2021-10-31,1.45,42,-1.27,2.72
37155,Robeson County,2021-11-30,0.73,9,-1.82,2.55
37155,Robeson County,2021-12-31,2.44,47,-0.61,3.05
37157,Rockingham County,2021-01-31,3.73,81,0.25,3.48
37157,Rockingham County,2021-02-28,5.91,120,2.63,3.28
37157,Rockingham County,2021-03-31,4.44,88,0.42,4.02
37157,Rockingham County,2021-04-30,2.43,28,-1.07,3.5
37157,Rockingham County,2021-05-31,1.48,6,-2.32,3.8
37157,Rockingham County,2021-06-30,3.08,50,-0.96,4.04
37157,Rockingham County,2021-07-31,6.16,106,1.63,4.53
37157,Rockingham County,2021-08-31,3.83,66,-0.45,4.28
37157,Rockingham County,2021-09-30,3.89,75,0.11,3.78
37157,Rockingham County,2021-10-31,1.94,40,-1.2,3.14
37157,Rockingham County,2021-11-30,0.36,5,-2.32,2.68
37157,Rockingham County,2021-12-31,1.13,9,-2.22,3.35
37159,Rowan County,2021-01-31,3.4,64,-0.52,3.92
37159,Rowan County,2021-02-28,6.38,120,2.65,3.73
37159,Rowan County,2021-03-31,4.78,84,0.47,4.31
37159,Rowan County,2021-04-30,1.42,10,-2.07,3.49
37159,Rowan County,2021-05-31,2.31,26,-1.6,3.91
37159,Rowan County,2021-06-30,3.1,38,-1.01,4.11
37159,Rowan County,2021-07-31,3.67,45,-1.01,4.68
37159,Rowan County,2021-08-31,3.64,54,-1.05,4.69
37159,Rowan County,2021-09-30,3.2,59,-0.62,3.82
37159,Rowan County,2021-10-31,2.02,47,-1.26,3.28
37159,Rowan County,2021-11-30,0.89,14,-2.06,2.95
37159,Rowan County,2021-12-31,1.16,6,-2.51,3.67
37161,Rutherford County,2021-01-31,3.55,61,-0.67,4.22
37161,Rutherford County,2021-02-28,4.83,91,0.71,4.12
37161,Rutherford County,2021-03-31,6.42,100,1.43,4.99
37161,Rutherford County,2021-04-30,2.62,34,-1.25,3.87
37161,Rutherford County,2021-05-31,2.79,39,-1.25,4.04
37161,Rutherford County,2021-06-30,2.93,33,-1.51,4.44
37161,Rutherford County,2021-07-31,4.42,61,-0.59,5.01
37161,Rutherford County,2021-08-31,5.31,81,0.08,5.23
37161,Rutherford County,2021-09-30,2.7,41,-1.32,4.02
37161,Rutherford County,2021-10-31,4.65,90,0.79,3.86
37161,Rutherford County,2021-11-30,0.9,9,-2.41,3.31
37161,Rutherford County,2021-12-31,1.67,9,-2.6,4.27
37163,Sampson County,2021-01-31,6.17,122,2.6,3.57
37163,Sampson County,2021-02-28,7.15,124,3.6,3.55
37163,Sampson County,2021-03-31,2.54,27,-1.34,3.88
37163,Sampson County,2021-04-30,2.49,40,-0.67,3.16
37163,Sampson County,2021-05-31,2.04,16,-1.86,3.9
37163,Sampson County,2021-06-30,6.25,102,1.39,4.86
37163,Sampson County,2021-07-31,8.38,109,1.9,6.48
37163,Sampson County,2021-08-31,4.51,46,-1.02,5.53
37163,Sampson County,2021-09-30,2.53,31,-2.04,4.57
37163,Sampson County,2021-10-31,2.19,57,-0.65,2.84
37163,Sampson County,2021-11-30,0.83,11,-1.87,2.7
37163,Sampson County,2021-12-31,2.69,52,-0.52,3.21
37165,Scotland County,2021-01-31,6.4,122,2.87,3.53
37165,Scotland County,2021-02-28,6.78,124,3.2,3.58
37165,Scotland County,2021-03-31,3.25,55,-0.58,3.83
37165,Scotland County,2021-04-30,1.12,10,-2.01,3.13
37165,Scotland County,2021-05-31,1.28,6,-2.29,3.57
37165,Scotland County,2021-06-30,5.93,98,1.33,4.6
37165,Scotland County,2021-07-31,4.95,59,-0.94,5.89
37165,Scotland County,2021-08-31,2.43,11,-2.75,5.18
37165,Scotland County,2021-09-30,3.33,55,-0.86,4.19
37165,Scotland County,2021-10-31,2.04,53,-0.88,2.92
37165,Scotland County,2021-11-30,0.74,11,-1.88,2.62
37165,Scotland County,2021-12-31,2.31,39,-0.82,3.13
37167,Stanly County,2021-01-31,4.12,83,0.28,3.84
37167,Stanly County,2021-02-28,6.2,117,2.4,3.8
37167,Stanly County,2021-03-31,3.44,55,-0.75,4.19
37167,Stanly County,2021-04-30,1.42,10,-2.09,3.51
37167,Stanly County,2021-05-31,2.88,46,-0.82,3.7
37167,Stanly County,2021-06-30,4.9,79,0.7,4.2
37167,Stanly County,2021-07-31,5.2,79,0.24,4.96
37167,Stanly County,2021-08-31,5.59,92,0.88,4.71
37167,Stanly County,2021-09-30,3.42,63,-0.36,3.78
37167,Stanly County,2021-10-31,4.96,101,1.79,3.17
37167,Stanly County,2021-11-30,1.39,27,-1.51,2.9
37167,Stanly County,2021-12-31,2.29,31,-1.28,3.57
37169,Stokes County,2021-01-31,3.39,72,-0.14,3.53
37169,Stokes County,2021-02-28,5.53,115,2.09,3.44
37169,Stokes County,2021-03-31,4.4,80,0.22,4.18
37169,Stokes County,2021-04-30,2.09,18,-1.62,3.71
37169,Stokes County,2021-05-31,2.16,19,-1.89,4.05
37169,Stokes County,2021-06-30,4.34,81,0.22,4.12
37169,Stokes County,2021-07-31,5.58,93,0.86,4.72
37169,Stokes County,2021-08-31,3.82,65,-0.68,4.5
37169,Stokes County,2021-09-30,5.78,100,1.99,3.79
37169,Stokes County,2021-10-31,1.83,35,-1.58,3.41
37169,Stokes County,2021-11-30,0.78,9,-2.06,2.84
37169,Stokes County,2021-12-31,1.22,10,-2.33,3.55
37171,Surry County,2021-01-31,3.1,55,-0.54,3.64
37171,Surry County,2021-02-28,5.39,111,1.86,3.53
37171,Surry County,2021-03-31,4.68,84,0.36,4.32
37171,Surry County,2021-04-30,2.61,27,-1.19,3.8
37171,Surry County,2021-05-31,2.5,28,-1.66,4.16
37171,Surry County,2021-06-30,3.65,56,-0.6,4.25
37171,Surry County,2021-07-31,5.32,85,0.43,4.89
37171,Surry County,2021-08-31,5.95,94,1.09,4.86
37171,Surry County,2021-09-30,4.87,89,1,3.87
37171,Surry County,2021-10-31,2.81,57,-0.73,3.54
37171,Surry County,2021-11-30,0.54,3,-2.43,2.97
37171,Surry County,2021-12-31,1.03,4,-2.66,3.69
37173,Swain County,2021-01-31,5.26,58,-0.75,6.01
37173,Swain County,2021-02-28,7.01,91,1.24,5.77
37173,Swain County,2021-03-31,9.39,113,3,6.39
37173,Swain County,2021-04-30,2.9,13,-2.19,5.09
37173,Swain County,2021-05-31,4.47,54,-0.61,5.08
37173,Swain County,2021-06-30,5.12,58,-0.44,5.56
37173,Swain County,2021-07-31,6.1,68,0.11,5.99
37173,Swain County,2021-08-31,8.11,115,2.69,5.42
37173,Swain County,2021-09-30,5.55,100,1.65,3.9
37173,Swain County,2021-10-31,6.45,105,2.45,4
37173,Swain County,2021-11-30,1.8,11,-2.59,4.39
37173,Swain County,2021-12-31,3.54,28,-2.32,5.86
37175,Transylvania County,2021-01-31,4.75,52,-1.2,5.95
37175,Transylvania County,2021-02-28,5.8,69,0.11,5.69
37175,Transylvania County,2021-03-31,11.23,115,4.34,6.89
37175,Transylvania County,2021-04-30,4.06,37,-1.36,5.42
37175,Transylvania County,2021-05-31,3.81,37,-1.73,5.54
37175,Transylvania County,2021-06-30,5.1,58,-0.7,5.8
37175,Transylvania County,2021-07-31,6.55,74,0.11,6.44
37175,Transylvania County,2021-08-31,9.07,101,2.41,6.66
37175,Transylvania County,2021-09-30,5.12,68,-0.03,5.15
37175,Transylvania County,2021-10-31,7.12,95,1.85,5.27
37175,Transylvania County,2021-11-30,1.2,9,-3.76,4.96
37175,Transylvania County,2021-12-31,2.81,14,-3.27,6.08
37177,Tyrrell County,2021-01-31,5.54,105,1.53,4.01
37177,Tyrrell County,2021-02-28,7.55,126,3.78,3.77
37177,Tyrrell County,2021-03-31,2.47,21,-1.45,3.92
37177,Tyrrell County,2021-04-30,2.47,33,-0.87,3.34
37177,Tyrrell County,2021-05-31,3.5,58,-0.36,3.86
37177,Tyrrell County,2021-06-30,8.62,121,3.86,4.76
37177,Tyrrell County,2021-07-31,5.14,47,-1.16,6.3
37177,Tyrrell County,2021-08-31,8.76,110,2.86,5.9
37177,Tyrrell County,2021-09-30,1.99,17,-2.91,4.9
37177,Tyrrell County,2021-10-31,2.61,57,-0.76,3.37
37177,Tyrrell County,2021-11-30,1.32,20,-1.83,3.15
37177,Tyrrell County,2021-12-31,2.18,20,-1.49,3.67
37179,Union County,2021-01-31,3.46,66,-0.33,3.79
37179,Union County,2021-02-28,5.41,108,1.67,3.74
37179,Union County,2021-03-31,2.04,18,-2.03,4.07
37179,Union County,2021-04-30,0.94,5,-2.38,3.32
37179,Union County,2021-05-31,2.15,31,-1.37,3.52
37179,Union County,2021-06-30,4.66,84,0.59,4.07
37179,Union County,2021-07-31,3.42,32,-1.44,4.86
37179,Union County,2021-08-31,3.71,60,-0.91,4.62
37179,Union County,2021-09-30,1.95,36,-1.57,3.52
37179,Union County,2021-10-31,1.64,42,-1.44,3.08
37179,Union County,2021-11-30,1.12,25,-1.62,2.74
37179,Union County,2021-12-31,3.54,77,0.13,3.41
37181,Vance County,2021-01-31,4.23,95,0.65,3.58
37181,Vance County,2021-02-28,7.47,126,4.06,3.41
37181,Vance County,2021-03-31,3.38,51,-0.61,3.99
37181,Vance County,2021-04-30,2.39,35,-1.08,3.47
37181,Vance County,2021-05-31,2.34,25,-1.49,3.83
37181,Vance County,2021-06-30,4.15,75,0.14,4.01
37181,Vance County,2021-07-31,8.3,120,3.43,4.87
37181,Vance County,2021-08-31,5.07,79,0.3,4.77
37181,Vance County,2021-09-30,2.99,59,-0.66,3.65
37181,Vance County,2021-10-31,2.37,51,-0.63,3
37181,Vance County,2021-11-30,0.58,8,-2.24,2.82
37181,Vance County,2021-12-31,2.15,30,-1.13,3.28
37183,Wake County,2021-01-31,4.59,101,0.99,3.6
37183,Wake County,2021-02-28,7.06,125,3.5,3.56
37183,Wake County,2021-03-31,2.71,29,-1.22,3.93
37183,Wake County,2021-04-30,1.15,7,-2.23,3.38
37183,Wake County,2021-05-31,2.27,21,-1.55,3.82
37183,Wake County,2021-06-30,6.02,109,1.88,4.14
37183,Wake County,2021-07-31,6.43,97,1.07,5.36
37183,Wake County,2021-08-31,3.77,48,-1.14,4.91
37183,Wake County,2021-09-30,2.94,52,-1.05,3.99
37183,Wake County,2021-10-31,5.64,118,2.68,2.96
37183,Wake County,2021-11-30,0.68,9,-2.15,2.83
37183,Wake County,2021-12-31,2.03,25,-1.29,3.32
37185,Warren County,2021-01-31,4.37,101,0.85,3.52
37185,Warren County,2021-02-28,7.56,126,4.15,3.41
37185,Warren County,2021-03-31,3.29,49,-0.6,3.89
37185,Warren County,2021-04-30,2.51,35,-0.9,3.41
37185,Warren County,2021-05-31,2.13,22,-1.66,3.79
37185,Warren County,2021-06-30,4.14,72,0.18,3.96
37185,Warren County,2021-07-31,7.73,120,2.7,5.03
37185,Warren County,2021-08-31,4.67,75,-0.09,4.76
37185,Warren County,2021-09-30,3.08,61,-0.62,3.7
37185,Warren County,2021-10-31,2.49,57,-0.47,2.96
37185,Warren County,2021-11-30,0.58,6,-2.25,2.83
37185,Warren County,2021-12-31,1.85,20,-1.4,3.25
37187,Washington County,2021-01-31,5.42,108,1.48,3.94
37187,Washington County,2021-02-28,8.03,126,4.31,3.72
37187,Washington County,2021-03-31,2.29,12,-1.66,3.95
37187,Washington County,2021-04-30,2.53,36,-0.85,3.38
37187,Washington County,2021-05-31,4.31,75,0.35,3.96
37187,Washington County,2021-06-30,9.99,126,5.13,4.86
37187,Washington County,2021-07-31,5.35,50,-1.06,6.41
37187,Washington County,2021-08-31,8.49,109,2.67,5.82
37187,Washington County,2021-09-30,1.93,17,-2.94,4.87
37187,Washington County,2021-10-31,1.86,32,-1.33,3.19
37187,Washington County,2021-11-30,1.18,17,-1.82,3
37187,Washington County,2021-12-31,2.3,28,-1.22,3.52
37189,Watauga County,2021-01-31,3.2,48,-0.78,3.98
37189,Watauga County,2021-02-28,4.34,87,0.49,3.85
37189,Watauga County,2021-03-31,5.38,85,0.45,4.93
37189,Watauga County,2021-04-30,3.88,51,-0.37,4.25
37189,Watauga County,2021-05-31,2.64,17,-2.04,4.68
37189,Watauga County,2021-06-30,4.29,52,-0.54,4.83
37189,Watauga County,2021-07-31,5.48,77,0.07,5.41
37189,Watauga County,2021-08-31,7.9,114,2.57,5.33
37189,Watauga County,2021-09-30,3.96,61,-0.31,4.27
37189,Watauga County,2021-10-31,6.66,109,2.92,3.74
37189,Watauga County,2021-11-30,1.54,15,-2.12,3.66
37189,Watauga County,2021-12-31,0.91,2,-2.86,3.77
37191,Wayne County,2021-01-31,5.88,115,2.17,3.71
37191,Wayne County,2021-02-28,7.02,124,3.41,3.61
37191,Wayne County,2021-03-31,3.51,54,-0.42,3.93
37191,Wayne County,2021-04-30,2.22,29,-1.11,3.33
37191,Wayne County,2021-05-31,2.25,21,-1.67,3.92
37191,Wayne County,2021-06-30,8.84,123,4.05,4.79
37191,Wayne County,2021-07-31,8.5,104,2.15,6.35
37191,Wayne County,2021-08-31,5.97,85,0.66,5.31
37191,Wayne County,2021-09-30,2.24,26,-2.18,4.42
37191,Wayne County,2021-10-31,2.44,66,-0.42,2.86
37191,Wayne County,2021-11-30,0.87,14,-1.98,2.85
37191,Wayne County,2021-12-31,2.64,45,-0.6,3.24
37193,Wilkes County,2021-01-31,2.69,39,-1.07,3.76
37193,Wilkes County,2021-02-28,4.92,100,1.25,3.67
37193,Wilkes County,2021-03-31,4.84,80,0.29,4.55
37193,Wilkes County,2021-04-30,2.51,30,-1.41,3.92
37193,Wilkes County,2021-05-31,2.94,34,-1.31,4.25
37193,Wilkes County,2021-06-30,3.42,39,-1.11,4.53
37193,Wilkes County,2021-07-31,4.93,71,-0.19,5.12
37193,Wilkes County,2021-08-31,6.54,99,1.24,5.3
37193,Wilkes County,2021-09-30,2.67,39,-1.34,4.01
37193,Wilkes County,2021-10-31,4.89,94,1.21,3.68
37193,Wilkes County,2021-11-30,0.58,3,-2.56,3.14
37193,Wilkes County,2021-12-31,0.99,4,-2.77,3.76
37195,Wilson County,2021-01-31,5.87,118,2.17,3.7
37195,Wilson County,2021-02-28,6.72,123,3.02,3.7
37195,Wilson County,2021-03-31,3,39,-0.94,3.94
37195,Wilson County,2021-04-30,1.66,16,-1.7,3.36
37195,Wilson County,2021-05-31,2.35,26,-1.42,3.77
37195,Wilson County,2021-06-30,10.62,127,6.12,4.5
37195,Wilson County,2021-07-31,7.84,104,2.08,5.76
37195,Wilson County,2021-08-31,5.38,79,0.06,5.32
37195,Wilson County,2021-09-30,2.68,40,-1.62,4.3
37195,Wilson County,2021-10-31,3.01,76,0.16,2.85
37195,Wilson County,2021-11-30,0.86,12,-1.98,2.84
37195,Wilson County,2021-12-31,2.51,38,-0.8,3.31
37197,Yadkin County,2021-01-31,3.05,64,-0.49,3.54
37197,Yadkin County,2021-02-28,5.59,116,2.08,3.51
37197,Yadkin County,2021-03-31,4.55,83,0.33,4.22
37197,Yadkin County,2021-04-30,2.01,19,-1.52,3.53
37197,Yadkin County,2021-05-31,2.31,23,-1.61,3.92
37197,Yadkin County,2021-06-30,3.08,40,-1.01,4.09
37197,Yadkin County,2021-07-31,5.41,98,0.88,4.53
37197,Yadkin County,2021-08-31,5.66,96,1.14,4.52
37197,Yadkin County,2021-09-30,4.9,91,1.24,3.66
37197,Yadkin County,2021-10-31,2.44,54,-0.91,3.35
37197,Yadkin County,2021-11-30,0.42,3,-2.38,2.8
37197,Yadkin County,2021-12-31,1.2,7,-2.37,3.57
37199,Yancey County,2021-01-31,3.57,55,-0.62,4.19
37199,Yancey County,2021-02-28,4.63,86,0.62,4.01
37199,Yancey County,2021-03-31,6.44,100,1.58,4.86
37199,Yancey County,2021-04-30,2.82,24,-1.2,4.02
37199,Yancey County,2021-05-31,3.38,36,-1.03,4.41
37199,Yancey County,2021-06-30,4.57,65,-0.07,4.64
37199,Yancey County,2021-07-31,4.61,42,-0.76,5.37
37199,Yancey County,2021-08-31,8.78,122,3.64,5.14
37199,Yancey County,2021-09-30,3.57,60,-0.38,3.95
37199,Yancey County,2021-10-31,6.57,109,2.88,3.69
37199,Yancey County,2021-11-30,1.32,10,-2.17,3.49
37199,Yancey County,2021-12-31,1.43,4,-2.63,4.06
